[
  {
    "icon": "fa fa-home",
    "slug": "external",
    "title": "Volver al inicio",
    "path": "index.html"
  }, 
  { 
    "id": 1,
    "icon": "fa fa-file-text-o",
    "slug": "desarrollo",
    "title": "1. Desarrollo histórico de los motores de corriente alterna síncronos de imanes permanentes",
    "breadcrumb": ["Inicio","Tema 1"],
    "path": "pages/1-tema.html",    
    "submenu": [
      {
        "icon": "fa fa-file-text-o",
        "slug": "desarrollo",
        "title": "1.1 Invención del motor eléctrico. ",
        "anchor": "11"
      },
      {
        "icon": "fa fa-file-text-o",
        "slug": "desarrollo",
        "title": "1.2 Desarrollo de los motores de corriente alterna síncronos de imanes permanentes.",
        "anchor": "12"
      },
      {
        "icon": "fa fa-file-text-o",
        "slug": "desarrollo",
        "title": "1.3 Motores de imanes permanentes en la actualidad.",
        "anchor": "13"
      },
      {
        "icon": "fa fa-file-text-o",
        "slug": "desarrollo",
        "title": "1.4 Aplicaciones de motores de imanes permanentes en la industria del petróleo.",
        "anchor": "14"
      }
    ]
  },
  { 
    "id": 1,
    "icon": "fa fa-file-text-o",
    "slug": "conceptos",
    "title": "2. Conceptos básicos de los motores de imanes permanentes",
    "breadcrumb": ["Inicio","Tema 2"],
    "path": "pages/2-tema.html",    
    "submenu": [
      {
        "icon": "fa fa-file-text-o",
        "slug": "conceptos",
        "title": "2.1 Partes eléctricas y mecánicas de los motores de imanes permanentes de fondo.",
        "anchor": "21"
      },
      {
        "icon": "fa fa-file-text-o",
        "slug": "conceptos",
        "title": "2.2 Funcionamiento de los motores de Imanes Permanentes de Fondo.",
        "anchor": "22"
      },
      {
        "icon": "fa fa-file-text-o",
        "slug": "conceptos",
        "title": "2.3 Prácticas recomendadas del uso de la tecnología.",
        "anchor": "23"
      }
    ]
  }, 
  { 
    "id": 1,
    "icon": "fa fa-file-text-o",
    "slug": "placas",
    "title": "3. Placas características de los motores de imanes permanentes",
    "breadcrumb": ["Inicio","Tema 3"],
    "path": "pages/3-tema.html",    
    "submenu": [
      {
        "icon": "fa fa-file-text-o",
        "slug": "placas",
        "title": "3.1 Identificación de las placas características de los fabricantes de motores.",
        "anchor": "31"
      },{
        "icon": "fa fa-file-text-o",
        "slug": "placas",
        "title": "3.2 Conceptos básicos para los motores de Imanes Permanentes de Fondo.",
        "anchor": "32"
      }
    ]
  }, 
  { 
    "id": 1,
    "icon": "fa fa-file-text-o",
    "slug": "esquemas",
    "title": "4. Esquemas y planos de conexionado de motores de imanes permanentes",
    "breadcrumb": ["Inicio","Tema 4"],
    "path": "pages/4-tema.html",    
    "submenu": [
      {
        "icon": "fa fa-file-text-o",
        "slug": "esquemas",
        "title": "4.1 Esquema de conexión de equipos para instalación de motores de Fondo.",
        "anchor": "41"
      },
      {
        "icon": "fa fa-file-text-o",
        "slug": "esquemas",
        "title": "4.2 Tipos de conectores en la industria para la conexión de motores de fondo.",
        "anchor": "42"
      },
      {
        "icon": "fa fa-file-text-o",
        "slug": "esquemas",
        "title": "4.3 Ensamble y desensamble de motor PMM de Fondo.",
        "anchor": "43"
      }
    ]
  }
]